Symbol,Price,PE,Yield,RSI,Score,Status
ADVANC,,19.18,508.00%,40.67,2,WAITING FOR PANIC
AOT,,45.61,135.00%,36.58,1,WAITING FOR PANIC
BBL,,8.37,542.00%,34.57,2,WAITING FOR PANIC
BDMS,,19.59,391.00%,40.65,2,WAITING FOR PANIC
CPALL,,12.54,388.00%,22.31,3,🩸 BLOOD IN THE STREET (STRONG BUY)
CPF,,11.46,423.00%,34.79,2,WAITING FOR PANIC
CPN,,13.76,390.00%,34.05,2,WAITING FOR PANIC
DELTA,,109.58,23.00%,50.45,1,WAITING FOR PANIC
KBANK,,10.81,513.00%,31.45,2,WAITING FOR PANIC
KCE,,97.76,157.00%,81.56,1,WAITING FOR PANIC
KTB,,11.52,517.00%,29.02,3,🩸 BLOOD IN THE STREET (STRONG BUY)
PTT,,9.39,687.00%,41.83,2,WAITING FOR PANIC
PTTEP,,8.3,635.00%,36.37,2,WAITING FOR PANIC
SCB,,11.53,755.00%,41.48,2,WAITING FOR PANIC
SCC,,21.91,276.00%,41.46,2,WAITING FOR PANIC
TRUE,,23.15,472.00%,42.63,1,WAITING FOR PANIC
